{"mean":{"confidence_interval":{"confidence_level":0.95,"lower_bound":0.004872840073184099,"upper_bound":0.013324513771545634},"point_estimate":0.008745529202917712,"standard_error":0.0021537990239079425},"median":{"confidence_interval":{"confidence_level":0.95,"lower_bound":0.009306845314436929,"upper_bound":0.01039670896210465},"point_estimate":0.009842901063708664,"standard_error":0.0002669491592341131}}